{"cameraMode":{"drawMode":0,"name":"Shaded","section":"Shading Mode"},"sceneLighting":true,"audioPlay":false,"sceneViewState":{"m_AlwaysRefresh":false,"showFog":true,"showSkybox":true,"showFlares":true,"showImageEffects":true,"showParticleSystems":true,"showVisualEffectGraphs":true,"m_FxEnabled":true},"in2DMode":false,"pivot":{"x":-0.949924886226654,"y":-0.03500032424926758,"z":-0.15341758728027345},"rotation":{"x":0.5011992454528809,"y":-0.4988008737564087,"z":0.5018008947372437,"w":0.49820032715797427},"size":5.341513633728027,"orthographic":false}